ID_num,Longitude,Latitude,Height_Above_Ground_Level,Inside_NL
244949,5.543562081244467,51.859575439241546,189.030358567447,True
526731,5.190424046380159,53.04552915645052,299.42808691842856,True
272648,6.2353911117489496,51.65387995685304,134.30249668254493,False
392834,6.471096716419996,52.31615167469939,108.15593947629128,True
155137,5.478308208518313,51.87546336791278,204.68025753999956,True
500409,5.3445315514851135,52.51982667599847,262.3704145196583,True
484459,6.027545681267854,52.41331534413408,265.1340833871627,True
331526,6.126214207807247,52.33319763890086,298.40191153844,True
380960,5.10422304263018,52.11921389884778,138.69263864551937,True
266925,5.785641782899926,51.67522575018566,197.8530182763863,True
393371,5.835947286132068,51.88036866764909,71.21461354650587,True
603308,5.399770787961672,52.28758137606654,117.79243219890395,True
560404,5.779493833152028,52.39972869482138,173.16127777685568,True
415343,4.964344029448528,52.647962709941254,62.9466050092154,True
651735,5.920088671632451,52.16153568697124,60.259481336338965,True
158319,5.522672811354147,52.59136426605318,201.80732959673068,True
454800,5.479118687183224,52.37971483871754,182.3536353475448,True
543017,5.429832202018156,51.98607711603384,178.77950750570926,True
120357,5.177891973456718,51.71184590934083,176.60841826901273,True
373412,6.341290912636297,52.19591101003135,216.16811188857073,True
392843,5.988261272262048,51.45954546262962,107.76569631303647,True
233627,6.700492153801042,52.179641381302446,155.11371550055958,True
331008,5.384803396152259,51.98304776775254,129.63372555664336,True
589141,4.964373167599581,52.30854339412833,243.49369679304507,True
157410,5.820479121412204,52.2304873266297,147.91169073454816,True
545801,6.325011255529794,51.24458575104023,72.72710704754326,False
568661,5.890406079333841,52.01762063215548,264.07393207058163,True
574065,5.459630573213317,52.1721746210177,226.06840753813813,True
467095,5.983275257934985,51.819532487218,266.63717466085666,False
520667,5.291204657910433,52.18474274260606,124.21054596629511,True
644535,6.576901991019297,51.959740357634516,290.76997070240134,True
392211,6.379471713950507,52.26171277871475,268.1966939767451,True
405031,5.796066496779999,52.06765955447206,113.37631549856012,True
481191,5.744250565267411,52.76874937269057,201.76304750588247,True
127170,5.835308372676356,51.98628198522311,223.72024515267137,True
490159,5.339981923682993,51.72630223900939,247.94822038178262,True
327828,5.515616210618138,52.03153282591725,191.78926541425682,True
412454,5.799531805387462,51.874867273614825,246.30452206196824,True
504591,4.972223007517107,52.52606376701945,140.95886076672733,True
128237,5.2381918935454586,51.772985000388005,64.55020735238965,True
150013,6.835185704583864,52.0470459879228,66.36214098743365,False
478010,5.9016124349846155,51.81142254421515,179.81072010651303,True
500236,5.696376871943958,52.29533010547296,190.63938477805516,True
380356,5.4970084538156385,53.36685046521058,116.5182325001976,True
151132,5.691594647696991,51.944295973417425,149.00825088017456,True
449683,4.449352739815387,52.19091382680924,155.73465682306136,True
520578,5.813773869111921,51.856485107915574,160.47376291168217,True
630743,6.541938575076891,51.498277382409455,283.47525365504544,False
477601,6.282774816953276,51.39933274886231,107.69012076605999,False
420618,4.6215398064731765,52.41455775721644,185.31699974752598,True
331157,5.143786992769213,52.83672009656074,227.88469778602158,True
651432,6.573984984752009,51.98323120363072,299.622868908743,True
309271,6.0717875658681155,52.09439976232744,62.65282138475922,True
520091,5.326593656655131,51.63603174692318,109.22458846192978,True
414475,5.717413460037426,52.39533605113024,164.01677597386933,True
269424,4.880599049441176,52.075385981087436,77.09579088565532,True
385838,5.4409090054268745,51.74820101560957,223.21520621397957,True
643355,7.10800378420036,51.74244894230868,127.05084330389789,False
246450,5.772595195309205,52.64970099523666,242.1541417636309,True
389253,6.213410434351575,51.983440290310874,240.1322093695803,True
563546,6.718457189921337,52.270971165266104,141.16686555035295,True
383450,5.619938294460982,51.69662422661637,135.67602142772665,True
296018,6.15536418110926,52.488754833645835,163.31576314526527,True
421130,5.056245047047399,52.69066528101381,283.0438523678184,True
325378,5.771485730188218,51.53452070036693,139.16064378179703,True
501875,5.775303037327923,52.560504491767205,208.9364353213906,True
120397,5.624486842911027,51.88892154607899,250.66137538587796,True
263928,5.6357251939769455,51.875045619720694,248.7458327060677,True
605451,5.379254660969233,52.1707502795428,298.4896036725677,True
120921,5.3593507959140725,52.51901327528394,96.44185807628676,True
657548,5.420058704278773,51.15128522398731,130.53133113360815,False
182495,5.419756761643436,52.97351676806361,220.09561802174593,True
176893,4.63759062608347,51.45156665227889,81.16503991321827,True
333472,6.337564129953597,51.80808013539171,191.6632318837409,False
612881,6.205268756604801,52.2114115106932,197.05629188091757,True
506823,5.398794787787914,50.67876604872367,175.19371109972457,False
377672,5.6818998521577955,51.61023996915991,147.46723097202425,True
592982,6.165798741166606,52.05184676955765,110.2404693565876,True
230159,5.176253579135812,51.6510008491161,158.68476418570623,True
360579,5.716423181800769,51.310013217500774,245.47520621735822,True
492352,5.511533935825991,51.6459942457155,181.71691646413728,True
183372,5.878053899096966,51.57994638790274,168.20184620943903,True
407764,5.500690315757307,51.241858176689256,136.70752960029577,False
350733,5.687774761359384,51.68114689974497,128.69758846078224,True
296699,5.058308628454394,52.47713372906647,182.32735070441038,True
305401,5.464926108806979,52.00367872196822,115.57009540283062,True
176775,5.770829575637749,52.08160049908525,125.95010320041466,True
604739,6.243274401472325,53.35854455299962,196.77579110049345,True
621825,5.394696185252315,52.564818111861335,232.93873009892414,True
283440,5.89173680414992,51.221990980065755,114.69554045175892,True
458242,4.256097099528112,51.45324986133883,159.5229282012382,True
400044,5.545925856628852,51.545212157096145,120.43621500306699,True
165838,4.921376761231018,52.88537641907053,295.26463958470407,True
457280,5.4542065878635215,52.068413174765475,278.7619741350341,True
521235,5.607626792320604,52.540176292644354,147.42389621992248,True
469280,5.480982128569198,52.587955795517885,240.71648048199629,True
236102,4.826091044392921,52.215633440940984,255.825603481931,True
388762,5.366311577231448,51.79088767349182,140.88597756218502,True
444775,5.47810400210454,51.80091423754279,245.88167007118608,True
623163,6.312350680629554,52.57942348400877,62.0710165332476,True
236464,5.459243942390228,51.988303088626886,270.75341523835436,True
190438,4.849839975379906,52.46540597583661,69.80310570920585,True
519601,6.63371836306097,52.71235972373662,265.83687892390606,True
153234,5.664671078186739,51.23275245049933,168.22152950626605,True
202634,5.884996333127522,52.92145891905137,172.28144936182522,True
168373,5.484134806301189,52.275642657472844,101.9306898180303,True
398058,5.532965010910665,52.38047287491232,91.43157005568452,True
412097,5.131213434499952,52.8350839303628,152.98161990794324,True
203812,5.4014323170305945,52.55056382403277,172.59366328920242,True
413669,4.732794973451693,52.14667338488313,295.8547540745518,True
389093,5.240186249288434,51.855922421986676,152.5253141244872,True
202264,5.906952293233901,52.57322378892691,76.53080301081081,True
477846,6.172645894837496,51.76249539028093,97.39228131033722,False
423501,4.788251627524465,52.23533421372017,152.1818520023552,True
214086,5.288830864624277,51.24573454068652,127.53610522989584,False
624681,5.137186963319075,51.57280388946824,216.64406449169186,True
143852,5.116389538666846,52.4950592076521,72.64136523850891,True
471423,5.878587603770467,51.520039160745064,218.15166590267364,True
394551,4.900609744969893,51.90551858462409,224.2625804674106,True
527316,6.184533370067887,51.73748334808966,111.11289020865017,False
635084,6.232801968529253,52.680992167215045,230.6372160879465,True
206245,5.284373634909599,51.68607503154969,64.09976688386175,True
362949,5.445244387729769,51.53735434779357,229.99194604144392,True
136009,5.679281081532973,52.912013244385406,130.12320125631774,True
279966,6.141443860734461,53.22300732311448,219.1672554108142,True
409473,5.527617009173301,52.5870523905737,164.74502428245822,True
617732,5.480395891560414,51.992720899572795,138.3437123807999,True
127429,4.947645600327525,51.65296888113529,158.71406681239654,True
151036,5.555200350477862,51.6834630964035,187.51836068870404,True
357541,4.825928987624823,51.65975779010384,283.2907450341414,True
381280,5.83504048430785,52.733382077933484,105.43458143860695,True
253395,5.284571113418585,52.28909211326011,205.83191148919042,True
169055,5.6861568045616595,52.27238677523917,99.25656756150656,True
314848,5.753534129703648,51.97166413850205,147.48741786160846,True
270152,5.241172021127558,52.326033440431445,86.96834486858705,True
500936,5.748749358049209,52.18586931454836,203.0213406027754,True
621453,5.395268552329236,52.191081129480345,166.06068959743402,True
465831,6.12598349435224,52.04248833621317,105.09701840620917,True
241589,5.660398765244314,52.26084761788031,263.86084941612813,True
602543,6.19736797120294,53.36802997315114,298.74936575875626,True
343582,4.964211716642826,52.680062417667806,278.39165324935806,True
209372,5.576259306872758,51.802098160235126,121.46985042267796,True
163832,5.901174771864863,52.52660849510809,162.73977323907152,True
327170,5.932502623063241,52.439904068144884,185.9649439091594,True
451610,4.9834465350878485,52.38326297208317,212.03509503736194,True
615384,4.7522302959742735,52.121668994415074,128.42649317512516,True
436491,5.180286180236533,51.76745872244892,268.9960824748242,True
348110,5.357707037786694,52.26112316838471,262.0267900344468,True
355003,6.083669704496032,51.1334261507907,80.20432864625307,True
568840,5.458112852162512,51.55324433380324,232.02142632285475,True
337783,5.241839355438871,51.738302684170876,237.44540793510072,True
650426,5.283651171257937,52.62076676587414,134.0834304656756,True
187068,5.941734460985115,52.25736875382959,140.90197865467587,True
349798,5.554425729145733,52.29971865481257,73.29485091938854,True
640712,5.991722459846318,52.099650292585395,78.22834028104357,True
517493,6.230582179544905,52.20669072941223,199.05255403402094,True
482878,5.121070566249187,52.00686621129922,221.8357590800153,True
328746,5.3908227751758515,52.94702773677335,131.56167192746716,True
539909,5.2947012998611225,51.72842081115098,81.0135786217951,True
542985,5.158797384371227,52.558263610878875,66.44425415115501,True
140479,5.784864491389052,52.4046178738697,172.60955258596513,True
415937,6.358410020338057,52.32164549987525,223.62953995252352,True
123562,6.1372819775872385,51.29277048982719,236.14341384666216,True
139541,5.43131047640722,51.61821721987946,167.33249562942737,True
503873,5.239205399212933,52.56681692517136,115.10945380886389,True
506015,5.267366087924918,51.82795748348366,65.78206251233016,True
311110,5.415440993633251,51.66691613064604,239.4529596834482,True
316390,6.106479977936647,52.27186420804855,199.80238836750888,True
648676,5.657349197707547,51.45786608340654,126.28738406222942,True
416557,5.6520092283256815,52.07160353205367,263.54875746731994,True
635236,5.424341223590919,51.06242320074228,160.87778786596567,False
297366,6.038689399687636,51.69783929053747,246.73254386518,False
572518,6.256730813708826,51.729737086935316,233.97718910818597,False
493085,5.4589798883745155,53.14142116391976,159.18008005425588,True
284170,5.072288058244488,52.124367656464344,138.1540422108888,True
539329,5.76175480749038,52.37196652522323,176.8582423160915,True
129124,5.222736773319493,52.24624510952017,90.52520092607195,True
555815,5.970129691711538,51.03869459320175,211.55400865182423,False
478755,5.666982306523253,51.39227288874509,247.98197567346702,True
573630,5.437272521326808,52.889203105979504,230.98066100890142,True
642959,6.765277532551737,52.021945394274624,272.292973720403,False
630555,5.224109724137548,53.15865237210623,145.4570877001471,True
528825,5.258041965904559,52.194526440059946,73.28479968071221,True
494766,5.79634408507228,52.26324093060967,74.2488180333716,True
225707,4.5972757540431655,51.81280804709533,283.9828585331353,True
304785,5.860899064128386,51.68058584879184,238.43056042766204,True
426378,6.128577025883067,53.22851373428111,234.3705707794978,True
376987,6.412277143023568,52.04042792994493,254.71040090428428,True
578217,4.649524424947313,52.59550650287307,155.42619920370515,True
594944,5.7577678272832635,51.513563926448846,171.19345777887276,True
555976,6.033977609296116,52.52208989729753,123.65991457744573,True
419206,5.531342039647207,52.13553895211732,278.1056404502239,True
424323,4.907935247226376,51.635633762616045,218.8624129275637,True
428347,5.632298603378793,52.12903366035786,276.6040797290175,True
477069,5.215199805624954,51.53846621868466,71.77621894837989,True
560817,5.537768170580789,52.421338059397016,160.6631071805085,True
589372,5.587890719917523,51.129498565129786,163.13376007057252,False
266519,5.295011744210548,52.42379848200689,87.2456194681942,True
633301,6.118662465093819,51.67420835353979,232.36135528066166,False
596442,5.935605129205876,52.597856784713706,87.8194094825298,True
224516,5.707214688895072,52.73622905427966,236.33660511362993,True
627440,5.271889765589825,51.70651054041039,140.22530393785587,True
261066,5.551770749571062,51.73452514016346,288.7093260047201,True
205685,6.059542794493667,52.056489242849956,106.23144031175241,True
658172,6.101149200173192,52.592139246896565,114.18952671246586,True
159756,5.063307890570693,51.62396268013705,260.54201410594436,True
628668,5.935156963068861,51.602925582527966,65.10826077162895,True
639338,6.434748196428401,52.53951263370075,192.09401221897204,True
196518,5.958945397745324,52.624473566606675,91.92053607443026,True
556669,5.940162964262672,52.34628297524605,249.51195350987845,True
425524,5.323709717620203,52.70828299987741,278.44272564369345,True
501580,5.255259628872796,52.40858830190183,153.1018577501254,True
495904,5.411266058622961,52.385998559499015,121.46132412170452,True
463047,6.249047456079791,51.92566306321582,103.23808530973051,True
502935,6.2172436402250755,52.68428960828428,122.21825293285427,True
650073,5.100003285113318,52.03509254198376,218.12449818459268,True
181667,4.695254633102326,51.276610813167544,257.64397881158186,False
527103,6.401341662527758,51.82480688664221,256.6949866148458,False
467266,4.45085214112771,51.95218046515851,289.9123552960974,True
248049,6.464160160520312,52.55120009418601,159.56185091116305,True
121599,4.395217433235702,51.98510475129877,148.81632830856665,True
624970,5.475324995215838,52.76406413045482,100.12182441348232,True
337292,5.868815598846165,51.739765752724985,220.5850779140933,True
464823,5.049021024440852,51.764266628859744,284.34256814215126,True
370018,5.069771901812896,51.109869763054704,237.05570802702766,False
404665,5.995593749475348,52.529966111704134,74.06775663692625,True
584690,5.519749037133631,51.801560832020016,159.83051772528992,True
585552,5.185657288690086,52.676483486030364,154.3083563082377,True
171611,4.814965342827221,52.13646381541995,94.21653311376168,True
290626,5.711884823810092,52.02340387627591,291.3395157487332,True
355363,5.409953181014339,52.75531221263417,88.87909454093742,True
464060,5.808925371872755,51.78175806520458,211.53155184688958,True
459041,5.345858883836264,52.20126433777469,252.11684993405964,True
351230,6.220745836876612,52.00335260243953,250.15975649768396,True
630457,5.285100861512485,52.46142241908615,173.36513088727474,True
592016,5.749542059751889,51.76350384507808,267.96620557736617,True
534698,6.040614057336223,51.995109789302326,153.60247757560933,True
444278,5.905527493277185,52.391624996457004,151.77970033017965,True
418639,5.493811814095858,52.70016647084123,110.68483347413503,True
647154,5.400162673699386,51.9098552538782,62.697388420837044,True
632689,6.564681166150448,51.18530481739964,121.07306082248445,False
217621,5.124117062619406,52.36675795748798,279.7663606209451,True
475414,5.4889678387766345,53.221820147726476,253.26434214060853,True
128482,5.593173384125283,51.69540589057538,297.63675238936446,True
348031,5.86521161281881,53.046756508930194,219.67301245317304,True
606948,5.1531879828032165,52.40341659719855,220.54289850161751,True
171135,5.64907331276318,52.0392735784534,139.71634824123817,True
536560,4.6708159275447,51.61842096508997,122.81216045384348,True
481686,4.848514641484554,51.14764627785281,147.58057831913183,False
456701,5.691505083880169,51.975902874336214,218.64194245999136,True
224117,6.607772328470741,52.718958019785596,157.49749976658546,True
393380,4.9438535547943205,51.4566461111399,67.4984480924753,True
315768,5.572747090674552,52.763279563088254,255.78392363543364,True
251730,5.319294195732757,53.41117356431174,266.5962139425477,True
299079,5.612026570895551,51.72516914647256,261.6206240936301,True
649325,5.375138739005604,51.112148495255234,75.26820251971766,False
305282,5.689144095655565,52.01755897695223,143.15328452300656,True
368583,5.054744184685944,52.10102321875161,256.3643937105837,True
382839,4.922340840478257,52.849489462298266,296.26501724606635,True
347871,5.644472751441154,52.4487927559088,163.21184133605843,True
512897,5.378912035333655,51.747693031238306,293.9152068694232,True
539668,5.593207451311704,51.40737065871124,267.2723485061706,True
370336,5.455237034427955,52.29233117823449,62.0232122568363,True
628723,5.571639341136034,51.720771397725514,211.98440383672957,True
314128,5.302366387760949,51.72619108053297,94.2927585910225,True
573715,5.800848929933341,51.64965565512588,250.4970373385756,True
491218,5.453389914606391,51.474442019569246,132.8279017059336,True
314687,5.888104809858157,52.82832494966011,198.2736538903226,True
326895,4.251670769335089,51.75515287059755,234.17136134090973,True
624831,5.939333033471447,52.343572445689595,217.6831666789162,True
564268,5.413844599491243,53.07305518046373,103.65721605265526,True
141581,6.1639070675812055,52.667674248626795,75.493364536391,True
629566,5.964207884236414,52.463492324710906,213.70769404955445,True
382939,5.629362904349283,52.27595335774715,197.75058821803125,True
185702,6.063643297984895,51.960297994582895,163.2038571939616,True
629700,5.5796122990207335,52.61945310824848,71.04741954339966,True
377135,5.110164482499401,52.94124293441131,175.94481786622714,True
530758,5.945174565872284,52.08026523337606,207.58386708470545,True
528541,5.640751907803931,51.40218728739796,195.03044211359884,True
530627,5.5826607455328245,52.79078727577082,99.61249039715636,True
182641,5.3077456845698165,51.58436277214989,244.1739949765592,True
579391,5.7589966926574885,51.89667389119794,171.8175015262948,True
168857,5.956481135204502,52.01999339438603,154.67545335202107,True
552571,6.433446027489638,51.968365998931446,287.7485076830005,True
232594,6.195876615908941,51.55986386686568,113.90801179968543,False
624639,5.174872883392944,52.857893366424804,201.53221419438466,True
173774,6.199845983940182,52.14621494628059,214.5673177429331,True
633192,5.508921719035427,52.80356238484096,178.3941282335008,True
535910,5.575791273953498,52.70025745514369,108.0074282479647,True
409419,5.301742803467867,51.8841830658439,119.76902764778977,True
585710,6.194384775332911,52.36658732042793,206.775769048281,True
163552,5.118671335369204,51.392008714089215,258.91533412718707,True
190740,5.986458305945433,51.71868767677973,291.70132782381944,True
197486,6.15665520928359,52.942963979003764,139.4575834527695,True
538829,5.992658794797868,52.11909305940535,292.4612404088556,True
156137,5.046380037350637,52.63682166391097,233.9792285729841,True
390191,5.496067609591597,52.5910929251899,97.84957765297503,True
205215,5.302504100764678,50.66997174877856,66.18785628589058,False
470173,4.884563505490702,53.523845665977625,76.92247056990466,True
579758,6.125347309178916,53.07347512205159,152.8418678322788,True
418241,6.191393170646139,52.28167753792967,198.3653632009544,True
436155,5.145534726486264,51.8112710074531,170.28321651251176,True
487809,6.438794282948024,52.447031813424175,106.46734449484597,True
259788,5.675787674521343,52.71848351769612,168.79280937176992,True
586876,5.1761337604574065,51.99655808766115,121.45648278618629,True
196719,5.744713595439545,51.67750575588579,139.02680458311278,True
322153,6.187601432580495,52.61242994907621,280.76589836370715,True
181011,4.54003293925317,51.604992141999126,103.46711335180063,True
347343,6.37036741649196,52.911441940501675,61.78383116708277,True
504266,5.2234887442425215,53.092305790058354,221.52890221878945,True
462149,6.4506144401791055,52.41910160305266,112.06539433931566,True
471862,4.911182877503713,52.5538268735644,251.68463556564984,True
407036,5.391059759854276,51.9617492476536,75.78569885145771,True
422387,5.580371157959617,52.08487896119853,238.0777138485106,True
464784,5.445111478148166,51.89383289609158,211.77639559632496,True
128549,6.083327438595027,52.98948711991857,120.26629996401394,True
128091,5.266504378127559,51.58462129728847,113.20367649059256,True
359768,5.150201152522045,52.465829941258605,296.02139971346026,True
257603,4.9724699752584565,51.830284816204255,212.30666989029774,True
193753,5.874346014963816,52.471198545194255,115.70799027085658,True
164419,4.795517153540876,51.18961450250969,205.86044739036353,False
446728,5.584628490195141,50.85106391903188,113.77109940976499,False
450066,5.924069026955598,52.947616013750775,227.36628199167095,True
548949,5.1517917661757116,52.195028265186515,240.3568115327254,True
492362,4.433296516675733,50.7044879863917,210.09025423352745,False
342028,4.987994691461087,52.8151384939635,110.16588513624333,True
225389,5.573331425636276,52.73498875990392,148.08480120641005,True
405958,5.179420659021568,52.04439976427885,216.26981279520024,True
129106,5.57777680721693,52.05562217790669,161.61159750285503,True
286939,5.097313738511554,52.30590064565192,277.1766621656577,True
553601,5.342813322671997,51.97042787691919,255.08486358256621,True
368161,6.28028767368324,52.532509667666524,181.48884664259566,True
160380,5.762391207629522,52.59696284036777,231.51267648462675,True
490302,5.946189094039497,51.817482984570724,231.2899013826626,True
353207,5.917939749119197,52.46768569324687,95.4865323509216,True
658213,6.03448090779615,52.20471944391744,254.5656993907905,True
223810,6.50046237070722,51.788877901998276,80.16089377187136,False
383357,5.705049268127495,52.030918105907766,296.02185528458114,True
589740,6.04426935355171,51.413887690664055,288.68817103927137,True
388116,5.6601487263065975,52.08952576983344,246.39232617272944,True
438938,5.788714067054769,52.25088043996332,76.96472719952148,True
636721,5.525247326160821,52.04342616270278,151.139513531676,True
442956,5.3668811422695875,51.97772019647272,144.92009307028974,True
471339,6.058130975459991,51.990835118460126,98.9662574583608,True
388443,5.848450710738665,52.96496913067563,78.6784164824007,True
492452,5.321563327573112,52.50886032974859,179.24457360805764,True
308329,6.150915479562229,51.569899538333,243.78314279093527,False
573484,5.43755984848055,52.00174681600742,161.70194384219175,True
557313,5.706091674027619,52.68837788780203,291.4377956554895,True
618490,6.021426080671766,52.27042771490992,219.42611806326363,True
467233,5.736230214255466,50.527552132846026,237.46656999924747,False
267321,6.422838460652034,51.84663845652711,208.5293904131389,False
182261,6.185105244181608,51.71786974960285,83.89494369591259,False
434598,5.651108449438893,51.60733868709864,203.26418674732233,True
469314,5.851879586666296,51.58458866483093,98.03827522891284,True
484921,6.119088155056253,52.4552548969808,196.3081164717932,True
552010,6.097227039971534,52.907121617649835,264.1133184364551,True
435775,5.616618483706661,51.98118278966598,171.68344823575632,True
482056,5.9699259289380935,51.231380089960304,87.66734796785332,True
617909,6.3655858871458895,52.02641209622001,136.09047275836366,True
339722,4.907079348149283,52.166527593721085,238.49533814378532,True
459621,5.208669351939224,52.10889991134318,64.24296458041403,True
611292,5.204976681392071,51.49738186117295,131.2727960289622,True
147167,5.84039304295964,52.28531145598741,206.3455844515951,True
257615,6.049146750508634,52.54830488483381,291.83024657382344,True
374477,5.488891012727772,51.07852523875226,204.85983484277475,False
479984,5.589996012791444,52.48041318906513,203.53371063252135,True
143604,5.612230385272972,52.50611261009121,178.90528193588227,True
594131,5.898416613942073,52.09517728903709,179.63172927305172,True
636715,5.158727752236944,51.331847295235406,75.71729792501603,True
206866,5.739003693710231,51.71717315644564,277.9969927926762,True
181885,4.854289141522468,52.25510584374975,242.30866513155397,True
165928,5.716566754267711,52.68788052070366,115.81118897064849,True
428383,5.902918866347056,52.12322534136609,128.94391996763358,True
196799,5.345942313830722,52.02294939872161,173.45346522646602,True
492282,5.128630555919457,51.794087356553725,222.91293634647232,True
632812,5.376761165353284,52.09608933940412,259.49194404131254,True
498478,5.442335610230879,51.937845015500116,122.48002753673356,True
153067,4.84799775344139,51.74573239278504,67.06819795333945,True
640187,6.873466243480724,52.39594082754029,258.9915370753582,True
428460,5.788151228754161,52.07075101341987,70.96572301297442,True
269428,5.91467996306664,52.156384875713606,164.91838262385647,True
463813,5.612648533291384,51.77012153338779,73.21155621996968,True
195971,5.292329418494733,51.92876150973715,185.23644400030435,True
509338,4.292396796750323,52.58213969480478,250.45016015402618,True
173535,5.563320354061198,52.256034641798145,83.58036797965428,True
261789,6.049098445192133,51.29359056351953,173.56835036901978,True
567079,5.02573855521244,51.61539929599846,125.36494248787398,True
323659,5.419970780724328,51.8547841450868,268.60899844184985,True
590852,5.3913267222334005,52.12082947465495,156.03919440226812,True
433359,5.996439497247976,52.15284782553342,81.92408832753031,True
489173,5.413626980519139,51.58188189217714,215.1768556815022,True
211772,5.371277136518102,51.8957239209462,62.216904497730894,True
202890,5.080860593991764,51.60939063742052,212.3670293354684,True
281117,5.367141837662856,52.2924513110851,219.46539943908726,True
531128,5.624418747860442,51.41174669738592,132.09244273232153,True
303912,5.170388676542268,51.98161797491322,72.45177909291488,True
586509,5.598664172256353,52.97040390739444,86.94144016724391,True
644451,6.366924277610071,52.75511349327287,143.73505454059813,True
287864,5.372214358135385,52.15535710235246,237.24552084892838,True
184425,5.863271689391796,52.04559353533007,117.65015210884803,True
367002,5.412371683456554,51.45411730089303,86.93353470532604,True
512764,6.072355070897388,52.1371290082479,185.95370647715953,True
348084,4.877696143444166,51.580401548611185,231.02216451978126,True
481733,5.778247050817997,51.93238763506845,153.56505359073165,True
148477,5.500654337018341,52.15638295494393,168.38635405879705,True
554972,4.655478961976446,52.42707831554052,61.34359331445978,True
524087,5.4070099939916165,51.918429046398586,206.93348299428848,True
328570,4.483232555458274,52.087445668512466,62.093443907677404,True
362522,5.607251844331924,52.61377497903145,253.6006741813959,True
198758,5.801774173770372,52.95134926662766,192.57258782437938,True
202773,5.1145451923303415,52.32629478753561,71.7976073621861,True
140838,5.097281944650381,51.78989148634187,248.9074661744872,True
331231,6.485446986495013,51.000229718572896,224.71650357153487,False
138203,5.6635140890824776,51.04572069273882,66.75879999264929,False
232993,5.333901282788856,51.82462017336434,212.7237283290979,True
533159,6.016754360772929,51.34022849845639,159.1323192935863,True
261562,4.935292170583443,51.810564447701275,148.831276996791,True
367160,5.275305990527926,52.28450493028272,162.17042153514075,True
303767,4.816166864537694,51.188704522514854,95.84235843999959,False
215597,4.7841148038721135,51.70239474006966,95.04182840865928,True
656670,5.566426302743082,51.638616026708355,236.12029206125266,True
301111,5.6375521554581365,52.0095148524514,155.33394734574836,True
238710,5.669218615467317,51.700054098165815,250.24055635492303,True
382789,5.820914880591818,52.39133700327601,93.33267465565498,True
140146,4.836265176539886,51.690327674914464,263.36362725480325,True
536927,5.757349646881755,51.64741551327385,134.92633351322223,True
406563,6.735788719691448,52.58359616409949,201.23103606002525,False
524507,5.447303554738501,52.093739494282914,77.88178652355847,True
515487,4.893257012311789,52.28687186839069,295.72939221906574,True
508605,5.437419484197628,52.37362764976737,283.572781192076,True
274506,4.84167109228852,51.964587812136024,263.78861562891456,True
246295,5.87340328657201,51.99624603420983,171.854402994464,True
637067,5.960457414833057,51.96329074455715,66.7259534432522,True
513590,5.488113707153204,52.033733886308326,138.5341821585724,True
196441,5.034769551357848,52.063001386143775,203.45870702941698,True
576734,5.966608900157684,51.5823419966154,287.67791949132226,True
232593,4.856397193388154,53.08664353946063,247.4421252680481,True
401637,6.010093907927386,53.24718204893234,180.81951416047522,True
199726,6.1924015934696195,52.4207056653684,272.74142523550495,True
255884,5.2814975255565715,52.51472400309828,245.08472655494992,True
199755,5.950225831217474,51.819421701188595,210.3120347797281,True
186444,5.451484762106079,51.45608759972353,291.2057375924595,True
584205,5.610513484483264,52.210673358844396,178.6341417535512,True
469105,5.828131303202688,51.93438457698079,116.7977442737006,True
637695,5.772465114422788,52.362568080771645,208.49634647466522,True
300835,5.461581036937935,51.66085660721017,239.6303465988073,True
257433,6.421229336262277,52.63569630676892,247.21707671556058,True
274317,5.043953623654809,51.670586993481095,197.5736609963842,True
486721,5.955297782529522,53.65742188347851,106.5742678445861,True
400390,5.502281434165886,51.56679478127118,192.6234404505011,True
551375,5.503315505774577,52.465176912926445,241.06819849315303,True
609887,4.840764458327051,51.79462408767544,98.97899824364507,True
161556,5.228508972215444,51.81417747100124,265.32694556255456,True
372789,5.98607015498541,51.78031047877005,179.30500682552517,False
262406,6.281098665020421,52.60924925888085,120.06696750426102,True
146396,6.156142538580347,52.13563725211784,243.72684032121234,True
322322,5.7157895852327245,51.97747844102915,186.93027624224425,True
171724,6.308969559430523,52.37107014978857,71.4059300208535,True
458844,5.8659748584775295,51.63546908360607,72.33131702402801,True
306182,5.485711194834695,52.47948577042656,289.33026431004214,True
275517,4.585540697430065,52.198459045360494,227.19556580108724,True
468054,5.589610019747698,52.7601576022032,198.89992185136097,True
574053,5.218681858442898,51.74923205109364,75.06759028202346,True
586806,5.984559552188441,53.303700530326516,86.38434534311608,True
606852,6.027022591558188,52.092523183353784,119.10515658990923,True
427822,6.324745567036212,51.635395065942724,206.21172726492966,False
634999,5.50477285356086,51.06450246738939,110.24919297151868,False
201014,6.307738293023936,53.04604160641412,238.1534986231246,True
220695,5.1117887744338395,51.56263519736379,170.85239726998748,True
125690,5.512379299264296,51.93448676159516,204.44810026333803,True
565360,6.21340527622968,52.528022351921976,158.4699901180422,True
466147,5.702650990961826,51.67985535540849,108.08265851118122,True
577538,5.487586688169678,51.83189234376494,270.41611762930233,True
370723,6.287835722471332,52.005428412931785,108.94919211296457,True
608349,6.083328949710603,52.197890732167544,110.43041168186372,True
171737,5.341834616284063,52.328211703384014,271.3613531501522,True
515640,4.799908187773539,51.75223830569265,77.81457213684561,True
492241,5.422208541479952,52.13218806266387,221.8331641570475,True
329578,5.159515002663459,51.41623742882052,63.76550167755325,True
333300,6.584947335589762,53.43880502454875,175.36996481108656,True
435738,5.896375574673078,52.12540793182848,132.5075824180555,True
267991,4.901906866013493,52.01751860930574,83.13137540649032,True
380137,5.095283178941063,51.84254159277588,83.45805152597472,True
433910,5.764357459817794,52.09321547978488,64.61380903063937,True
533656,6.69117298691606,51.808281754267135,181.77192761227636,False
564947,4.9274114308159085,51.78297280388018,189.6219470690012,True
352834,5.649040126141651,52.00693074836845,208.804073092915,True
307756,5.919840086604895,51.19811322163712,134.32862154035035,True
352157,5.246647153080319,51.504323199212614,184.41928282056244,True
652977,6.618633077898988,53.009886685241575,60.983186742211416,True
151747,5.822739914629926,52.2124252620557,177.37320320811963,True
422248,6.472783779798402,52.746619149533366,152.37316142909887,True
630252,5.364706795010127,51.559914892248436,77.00610086049622,True
580923,4.73241157050459,52.02347022987984,268.2974743168779,True
584340,5.823742493376191,52.30417702395839,74.6794195599673,True
464599,5.4017834179783755,51.800027324211875,156.47010311212654,True
428475,5.365091109729108,51.68534809272805,120.84112446501179,True
579593,5.661656720092946,52.281326746165064,274.5186596179203,True
491830,4.948173496914416,52.53971491279115,243.7162701357291,True
470152,5.296024241908452,51.72492448348052,214.6153731266506,True
582179,5.104427750079118,51.47144757219345,92.62109619564154,True
381540,5.902399079362219,51.39220308649789,200.91276091743643,True
576651,5.156775755681449,51.7347840659568,169.12725157471232,True
489359,6.259326157991068,51.848510847712596,273.9645545867111,False
624022,5.752517053384446,52.927180965678,235.7916578524269,True
348727,5.303688562735765,51.54248170039575,171.2941833488485,True
492650,6.209428547330356,52.570434998926004,160.03946050095067,True
360958,5.559083894420639,51.905900823709246,250.06358541115307,True
396791,6.426940932982085,52.476614764683745,214.35516979973056,True
163173,6.354912493006318,51.57278002399914,135.05836898535597,False
616384,5.554555617562207,52.294741928311026,299.08644875570775,True
288811,5.093387564128497,51.385538408458046,291.0302733455061,True
169388,5.42263414620787,51.65120546575179,134.97234518139123,True
462689,6.188370671852612,52.22725248889339,275.07361953014606,True
419594,5.493899945897324,52.21623322405143,83.52387404497736,True
539572,5.3153219680025305,51.89369149116997,218.27341164259104,True
306259,5.033167926207217,52.422304907016084,256.4036841550143,True
234765,4.6603719284295275,52.60512401848299,192.0051906780887,True
485314,5.035612051234635,52.12917366103848,262.1041904588079,True
464413,5.313653546102466,52.167071964894205,154.4595454101437,True
150320,5.429218303785598,52.10761442568687,63.41893141866295,True
467553,5.514321134168997,52.297087765263086,97.44147065043882,True
390089,5.799557332930335,52.05230242026067,175.24422285082997,True
128032,6.071815230059441,53.033983908805006,100.61420483818299,True
502773,5.110724772507513,51.07367059201344,190.24387660362518,False
202348,6.460328126951128,51.93307805566571,201.85646747116064,True
207879,6.4304818947950055,52.9244511118725,293.7889342997497,True
198637,6.764240365315077,52.03947245812856,87.60886570948273,False
161102,6.049202024986933,51.16982479435583,173.6752049085079,True
641066,6.1689310715349475,52.379440200830324,198.9504200433528,True
188066,6.6737347459667165,52.20894362320709,141.4340703785627,True
524738,5.757952749983026,51.51765028099013,217.02256507316903,True
290683,4.837078070465266,51.85689320090063,180.23501468791278,True
387998,5.140853529559448,51.85989336231648,161.64866064515797,True
236802,5.05709708843357,51.21047727806063,289.620205794983,False
609179,6.2105519376082965,51.83344767225646,294.8577975863433,False
303108,5.6934244068409745,51.75308354687637,142.0284660322564,True
468824,5.974363597677803,51.83780873360548,121.26852185900503,True
283019,5.926159949444936,51.36123912017464,284.4909492003551,True
327205,5.797509553706296,52.61939640937111,176.01998304982678,True
628436,5.747409117588834,51.736584317335115,176.05406506226058,True
275827,5.187343838493035,52.93300025959289,204.89005788433394,True
169470,5.629130197523762,51.62216607688826,283.5525559090795,True
368557,6.162180954527205,52.19638173558231,153.75334349959962,True
249279,6.167611000180944,52.268321953182074,219.55109098494702,True
253755,6.465980772757867,52.876821297037516,67.82215918148238,True
357591,5.611792144434799,52.20474865576159,280.7633533403575,True
305153,5.334791937331165,52.43444962931627,219.67394931032536,True
456807,5.548973871068532,51.737091771645915,96.35122705385868,True
584216,5.640470543921365,52.30431488201218,283.51359595784595,True
385448,5.3919991978347905,51.721017186270636,157.59386499957,True
124953,5.060433151251846,51.636364419252324,286.2837553748427,True
574481,5.595451455236914,52.02491650641954,100.11265315992517,True
421241,5.519760276124397,52.428933619485655,199.29554833967993,True
382229,5.415098536416892,52.166522716515345,206.07275810492885,True
187348,6.2332623074639395,51.32384055795205,117.02606120277736,False
243469,5.671849545642213,51.953150100316975,160.9299727642603,True
473130,5.988129183064958,51.76410355859351,278.8446008876941,False
194466,5.908654492317352,51.51954240311586,173.43808020163766,True
543418,5.738736616524896,52.03421020863732,142.245804440522,True
435207,5.42273124669177,52.499656991491314,231.86525797082663,True
372413,6.456485070515924,52.468248373950615,113.68802470723864,True
154399,4.864215063488322,51.948424111663954,157.06374985015998,True
424696,5.611969767909949,52.79093562856379,214.89237192615127,True
429907,5.517939638922135,51.13755705241965,152.35486018182314,False
356038,5.966908849237458,51.633274199645115,128.7328891782484,True
492016,5.218133277573252,51.84452120417251,267.3046830866392,True
195974,5.075019393229704,52.4767822782916,145.15909686932844,True
457878,5.722882094849006,51.83522581395408,291.10993117238365,True
422684,5.851396120370293,51.141812537059046,236.5572683212912,False
212350,5.353086241038194,51.48113849854865,220.58091520209928,True
537754,5.423756293050606,52.03643651979018,273.6473931816027,True
431396,5.594068395152595,51.957918001592255,120.51187347738113,True
436890,5.349388007804752,51.87931568433436,148.64985569470642,True
628898,5.806751592697752,52.451643009970475,119.39505841956229,True
313185,6.505515489030897,51.17591212180216,152.9563522823646,False
637226,5.045318568947923,51.27971821596823,114.3228352228565,False
225202,5.3328988936673785,51.64058375502943,226.7107387295174,True
466187,5.914621724616546,52.76236195439042,298.42011473479806,True
515247,5.37679950865696,52.569202378897366,203.43656904200515,True
623666,5.405157449634206,52.29618235123107,289.50085022821185,True
352614,5.0598149476752,52.018983566091535,199.85221019078412,True
443604,4.849871846982214,51.65262867451132,69.39995886270158,True
559228,5.721186589797635,52.338371413891736,106.99929460201498,True
439290,5.669791061183861,52.748414659066086,283.9820866817238,True
173995,4.817707911625727,52.829530102309334,129.31301183056337,True
259341,5.378301795509542,51.59140733742307,195.79476239793283,True
465896,5.066780928116032,52.223264024705706,67.19480971530538,True
417694,5.3508625415123054,51.77166904171584,61.60741198934856,True
204653,5.788203883912542,52.52879454514547,244.8099192850614,True
256367,6.465946604186951,51.78950502233842,188.87791569074852,False
634485,5.695610601656538,51.35537497656183,176.5527532722762,True
557781,5.425498485605638,51.3096382360988,90.31555215678391,True
258948,5.862968325649621,51.39979895447449,130.09877593690987,True
495432,5.621748226608308,52.087249152989,76.86657842073784,True
160907,5.3198822766917155,52.21884366634843,240.1292343213564,True
441196,6.14841762013808,52.74586338851046,287.6807887184577,True
444703,6.103057001390306,51.832689341355476,158.48839209857854,False
409127,5.158417767807205,51.60183723126124,183.2629742254229,True
647815,5.149127142408886,51.608796419508586,217.89884796563092,True
128798,5.689969448436783,51.82196536919913,101.91155626273351,True
211015,6.244476498195241,52.20612528473694,92.92308921519269,True
643008,5.712765040137145,52.57505929116732,237.2591872965562,True
133596,5.972683706523231,52.362812968042675,181.6638741514319,True
258311,5.094516047890368,51.45023297171033,147.7666080597532,True
295843,5.495321113779471,51.3905111357008,85.33428330178616,True
473674,6.046633240208267,51.27664823121874,96.04153792796428,True
200488,6.009619505095216,52.39945914486218,191.952615621647,True
345797,5.019966618169168,51.84245073296216,172.40038084289682,True
276262,4.967233508338947,52.7343821947805,251.01798970425534,True
415823,4.800193144312623,51.97811175528714,80.40940919709756,True
632006,5.484906909601979,52.4004046910707,111.17146891607516,True
377616,5.663505973302623,52.98041825614919,227.87720808591467,True
610433,5.025013461866092,52.258264051286126,189.7533110832926,True
580318,5.529874828780475,52.31567117485655,177.18692065344544,True
484400,6.3750112089956135,52.094204242275865,210.73469250082323,True
221381,5.728509307430935,51.02065715418655,71.97490292497923,False
467854,6.71321079352264,52.063301763913195,174.93601709646896,False
377794,5.7885151828500785,52.88427157651536,221.95058503455465,True
346681,7.086381309755707,52.19695603005897,234.09657302000818,False
352403,5.9305898842718525,51.57163574520884,94.55790215950908,True
390034,5.175072047159508,52.04105019786232,179.53119245256278,True
634438,5.4060999934321785,52.09078072019362,287.08156492110015,True
641929,5.601431723552288,52.28900129532769,173.69065875940635,True
465846,5.094522168264428,52.74051702772024,246.35927740016646,True
548820,5.346963222384644,52.62581100666373,212.1459370506249,True
231712,5.729693787461937,51.95129421450865,201.3352149036145,True
644160,5.317760530195282,53.21893149605666,254.76242943518272,True
289542,5.410103815698116,52.302999693029236,113.57372157116691,True
567422,4.874184893550439,52.11515044971551,110.13936189465234,True
224781,5.353125847146686,52.451957817770264,209.97810945513493,True
490299,4.9429668648866665,52.040356967698706,268.13986230116836,True
184639,6.109395965512363,51.91227531364126,196.55197898723378,True
633631,5.07486329322863,51.73715710149366,229.1902484431357,True
274626,5.180585189828566,52.4845916615104,257.05044699222896,True
204287,5.488572321037695,52.118093728901435,209.22746668444725,True
467091,5.656502915182711,51.55615594308447,121.84013346467233,True
496330,5.60742517316828,52.02344540402137,174.6758283497647,True
503746,5.4786579882255735,52.14375250858681,290.0124973770962,True
438692,6.4148887435073165,52.56305014122612,88.28169972243893,True
582752,5.299263339451749,52.02187357380137,145.162014253984,True
611300,6.402570699298903,52.341911197664075,234.98123645493362,True
658565,5.652110806495278,52.11546952110492,172.47964133316327,True
370359,5.8017557085646505,52.34592311344469,106.33061088772897,True
246980,5.127987009930743,52.027046557848756,220.41711678156648,True
235300,5.258340958876939,51.579358258130156,187.10886055028226,True
550833,5.47678177008628,52.02277915309997,267.72991814956475,True
601778,4.735551884293104,51.4342013357396,163.67419086580395,False
432761,4.970434941801737,52.23882094916649,289.9852091503968,True
346730,5.1607192872915295,51.78785354040163,96.4701043512126,True
314212,6.121431139862621,52.02397245479531,127.59675145151678,True
597124,5.6541481173039685,52.7022773274753,292.78337957877693,True
192791,5.775884599775479,52.564473924334024,65.30475847481488,True
610918,4.65398035745956,52.65633469055697,227.73476850096978,True
438234,6.458858217061062,51.290101037899454,278.03752491575176,False
278929,6.397866336186883,52.00129566563822,271.46006650420827,True
409549,5.693132991867007,53.06575730824438,169.44137775918557,True
648230,4.783309712673994,51.59678149046033,140.7626897123862,True
606354,4.909234497991445,51.979965068470804,153.67930560586672,True
618725,6.638637263181619,52.298951823765655,192.52596379217994,True
234100,6.017971772263203,51.33143713666661,97.40406226247822,True
402658,6.699546049958214,52.51620376939013,70.32640459552319,True
484170,6.547923801113219,52.64150295961365,200.15084791420372,True
379222,6.14269950646209,51.45880273163997,65.7587490683401,True
649417,5.451255297082314,51.555368651031124,290.93902859694356,True
559343,5.21336934238747,51.929823779471974,202.67220894258108,True
569799,4.277081732240469,52.61999704553283,202.08774117021832,True
649378,5.267253159542687,51.63599451591201,286.3057704235644,True
504022,6.535013276475202,51.00443867744222,195.87445493342605,False
638000,6.160070879008881,52.358583674638986,199.46155844245877,True
431484,4.782471111124526,52.35757410032735,92.99435372823926,True
616457,5.767006778705133,51.7973206069588,115.2126534898753,True
629896,6.181408441724734,51.91777317967947,90.92761753917353,True
413926,5.881422563761551,52.05760976545629,205.1757219379755,True
205720,5.411617338920727,53.00721057494079,92.20366229709121,True
501046,5.498160906236161,52.21532243282785,82.10214329152046,True
229859,6.060461493008238,51.158184574272475,294.1494735013563,True
253766,5.6096726233039185,52.25132276990586,258.75881365097587,True
394947,6.051437598121527,51.23210989622564,76.0206407608444,True
551226,4.9162324783328,52.61867396465555,179.2092160066327,True
364919,5.430173114601188,51.81922151124446,240.6665555697363,True
292041,5.689852624250511,51.9288374752732,76.58679873683039,True
550886,6.426656340297758,51.48393749581127,237.07322059664625,False
352132,5.807593411517899,53.14212666241396,120.52329719603662,True
498006,6.205872946709707,51.63977882361843,117.84157408166253,False
420065,5.408742098047312,52.044423605349216,268.55727567869144,True
381350,5.922617892198948,53.366242996185015,144.65171682569098,True
643696,4.608818838431764,52.57218158515115,257.4178809568258,True
648637,5.644686925461223,52.60590736472442,295.9862356316538,True
248275,5.0480866999946885,51.883508614307765,107.7866500189821,True
548060,4.9136309404707665,51.98299124502887,275.5185796851961,True
538857,5.230389265174062,52.69895062940157,96.10999973922708,True
228062,5.5648981431101605,52.38953526883472,155.63090673829416,True
390489,5.351379648890826,51.58917682799562,252.86386694661132,True
440173,6.106946877109027,52.15527586275839,138.34527256198265,True
636009,6.673636815469209,52.031662520631656,289.51645717476504,True
652284,5.490585307224687,51.6763816248965,283.2361084240608,True
424965,6.207721357056069,52.113007116215705,163.31983446806146,True
656310,6.327241170901838,51.292626904345646,135.2795936297245,False
217338,5.559436218384857,52.41840921110259,70.14915802213045,True
120765,5.449336701952289,51.47205457314353,126.09568336955975,True
122317,5.879422465487196,51.92818293935844,203.6248897530313,True
350019,6.416497292829852,52.435331929049354,208.3814063232921,True
577509,6.46055043593521,52.70444987090976,244.2909908138403,True
520551,6.039054810775318,53.0425270297792,75.8480252240771,True
143392,4.993088704822258,51.17069193126716,297.8688625962339,False
326300,6.133740074356906,52.034785289075224,70.32098554649443,True
290418,5.422318129549577,51.70250901514808,107.3032080444108,True
165717,5.42887647341032,52.32877428440742,289.91700105888447,True
225945,5.863191735792419,51.95148916611597,62.09379913369987,True
605326,5.546621841024967,52.049067457087695,185.12596903371227,True
374887,5.764518172788581,51.903906647945966,277.89505799019435,True
568713,5.6494004134041065,52.13445577729587,199.01813343142817,True
360473,4.973120005799086,52.068186399605906,142.72838609753285,True
387441,5.472784271286201,51.53987282241908,221.67916226307685,True
449303,5.581894597428337,52.426530375623614,88.30755515180184,True
124593,4.837472771994332,51.24397208316599,133.34319944916498,False
425097,5.400350572458173,52.54637043582683,155.6771918796099,True
577524,5.925595549637928,52.56122838710057,170.75450786807434,True
565674,5.384565141451597,52.65677385090353,194.25256830273133,True
368187,5.531585631173223,52.276633908758555,110.82072210292395,True
503283,5.324606226909383,52.57161598614972,147.09540728924753,True
195221,5.318770992462186,52.517187137765596,225.8985339977648,True
248674,5.6129391545725165,52.40548404976366,245.999937148462,True
205688,5.338973512755376,52.20758074527652,213.23797035098002,True
518089,6.148631110682734,51.33483898383294,206.24711562461977,True
608740,6.167167336327503,51.166731199650805,176.73137992389465,False
319257,5.618722247424312,52.285997570804945,206.84942644829235,True
484120,6.130570278173979,51.308205882397964,151.70230945221977,True
199934,5.927625137427954,51.37117412140707,175.3253617347516,True
395053,6.427092633812496,52.74775580449727,191.19497879422232,True
601402,4.987332869425253,52.18742358139777,183.87000663419434,True
479015,5.883051701328736,52.43580635103873,85.8702517841994,True
555162,6.547797597074834,52.12359585733426,159.13055373282253,True
461400,6.355505675833422,52.60221109847243,200.00111430473706,True
611869,5.448510979290734,52.581130527111455,126.97849168069551,True
150986,4.860037286838402,51.2872965364711,103.2078214294511,False
322787,4.902506877366536,51.63822986350623,199.50731151973406,True
359126,6.431804408159809,51.404286197707656,168.99775694975028,False
650469,5.619706359186545,51.33901732125689,223.7328916011636,True
461251,4.573250645174167,51.02327772505874,278.718764901161,False
651043,5.695994600532254,52.0940247194345,95.03569988825151,True
136427,5.819503881316097,52.084297717243246,235.12077343555836,True
553218,5.833136133519372,51.759075564430596,210.075038683781,True
188256,5.571111718908321,52.07083491024438,94.61085160000403,True
541458,5.490242720697785,52.80870376099975,119.80526403318481,True
637006,5.888348730142664,52.8479036968667,164.00152595480665,True
271783,6.169524564796904,51.96447670459751,136.12636404876054,True
534240,6.259028656362645,51.91368236506684,172.20982760465407,True
480735,5.855606445073761,51.448757923412245,81.61985241565871,True
436020,5.4872016119437745,51.9185007495474,136.81063539849004,True
387761,5.993705239093203,52.38654507955489,248.4084193594701,True
379163,4.316778582127371,52.02522098057312,106.43138802864217,True
299723,5.923690324886508,51.37321290193748,272.0280949027548,True
144395,5.187328132658209,51.88528804803326,253.60057754471177,True
152146,4.913383703925587,52.80941911658807,116.30351424985894,True
542058,5.411131661823082,52.61012798520108,276.9990817575697,True
647956,6.225760503480105,51.303223371300724,204.65811286884227,False
491851,5.289597795085521,52.07343050923693,127.56676730836416,True
638967,6.364803763144421,51.824399247145855,101.02698105855205,False
453950,6.124185824639114,52.074545875934206,241.75093235200103,True
275333,5.668104252764761,51.82475685017798,233.94493580041117,True
195643,6.018601025416032,52.79767594514278,285.1247759047893,True
438168,4.895475206909881,52.546500141975756,278.2086595963159,True
313172,6.403686492480836,52.28105961848309,144.92710575915518,True
470211,5.577626375378427,52.43029816579803,286.7707423374239,True
573042,5.312000194138029,50.678718981891656,149.60310950395998,False
327065,6.077965291132141,52.29285066618985,129.41097022197397,True
432851,5.560420389821412,52.5803757930787,201.86474596606075,True
335711,5.619354986639294,52.392423618706786,203.50942385782147,True
565575,5.790045620263043,52.42321840346049,162.0152672052567,True
328187,5.236384876196697,51.81827085971639,275.5664135518076,True
463125,5.856491944760968,52.21172177724354,195.77581419300324,True
208159,5.777651085421076,52.30905689804388,89.94151011987191,True
183701,4.620456643808591,51.88132768203497,145.37914217346912,True
545190,6.8635911205753715,51.92506314914169,68.78673882027611,False
153986,6.35015549976946,52.31867903254326,162.453983552868,True
584070,4.853887269306088,51.847905058434996,147.52738458517635,True
323130,6.234314817049858,52.276293317025214,166.22533561275702,True
185726,6.442991401723077,52.59449112390694,171.8641665111952,True
313008,5.390132642413374,52.02804538776097,146.26394929244265,True
396151,5.835396837917928,53.02963656635245,171.62293446210873,True
268921,5.023935565091767,51.968893649128994,224.80311607906694,True
521486,5.617870628525695,53.14967495858077,65.08847785657167,True
325122,5.833548218674702,51.50951469558859,112.4008815683693,True
199763,4.439146069449383,52.07847709669393,93.19615560896915,True
551301,5.712205042292264,52.093021387044665,246.3849630211414,True
314426,5.006275078298401,52.16807539955443,80.25389967990584,False
379457,6.121048223285893,51.416129078266856,264.3180574103977,True
560815,5.334862847684333,52.83164210699777,120.58697524415517,True
284710,6.1157798774679275,52.37680140026703,283.6030052178161,True
429218,5.601724381781088,52.48481434017422,114.33422951835098,True
195926,6.0829099547900185,51.87921838118274,201.292778626051,True
606039,6.054829306509191,52.22737193788521,241.89930497973785,True
261924,6.430086355851624,51.075471563263534,172.3555839226068,False
237358,5.907939368347306,51.55668401060822,148.87841700766992,True
475650,5.096541779216764,51.635204657977646,287.12083305796443,True
573800,6.174121640026982,52.21205968347578,204.44561625007952,True
489490,5.024074838495729,52.30203078338919,91.3596470801273,True
538185,5.486645822648605,51.985307452105744,161.61817330806116,True
456940,5.813387729303866,52.29801896474564,215.34068058455122,True
151197,6.186287599749669,51.50110461465853,166.69931324159472,True
195415,5.986859796838257,52.146327712831464,143.94324270424795,True
233433,5.825402708818243,51.00210694741731,157.92423517788484,True
305072,5.789988233597,52.07155199744181,287.17205852700886,True
567946,6.24124204229754,50.94933132937248,214.72853595741674,False
335800,5.118804642112925,52.39113182402756,254.54288348609546,True
498296,5.769308277626983,51.75203656597209,192.89521239412412,True
423994,6.254716092985755,52.33373232570643,140.33998263942368,True
446144,5.219134004503264,51.73004252514922,84.65595533454233,True
620659,5.790362713583472,51.27862444235931,264.64924499197144,True
524667,5.664421384276921,51.98883352072372,122.97416931266763,True
378120,5.5208425640948455,52.12850115620486,295.6657776158313,True
445384,5.68123578908414,51.96312457100247,199.68883002551982,True
291072,5.243146435941438,51.954159559057786,271.6217266782004,True
518159,5.438672472888369,51.34167143293362,77.35105626164433,True
386000,5.063312141395938,51.890548387896914,151.88394323237475,True
655640,6.682738437309345,52.096620293770165,164.89390350836578,True
192473,5.018071799713811,52.646642257509,149.69783270767877,True
464519,6.3270172875072594,51.94097787118107,196.8218456324669,True
297458,6.359634158343701,52.4332520970165,271.21598026916934,True
568033,5.327656621667579,52.35185907949819,270.5464822120314,True
252932,5.365392887722862,52.181219257314574,107.89983398592828,True
184968,6.113971775297219,52.33681637383416,124.44975668003737,True
374234,5.826813243324468,51.591442540082646,120.61454369353424,True
615629,5.703182610546176,52.20311078551044,172.56748288444072,True
575842,5.963848633435771,52.06588603204198,245.52498483911785,True
466730,4.827543582195203,52.56649906827835,246.09584005182688,True
228649,4.8787863097778565,51.74758778437903,276.7903092135034,True
557048,4.977916538559279,51.50964734496978,145.5172328505827,True
505741,6.327572069800263,51.94552313731953,223.8666577522812,True
505116,5.894514314985275,52.13805446696241,244.7379277787427,True
574729,6.317227117231452,52.25122515684726,79.26326635766111,True
250204,5.630157785294145,52.11634494200879,116.46301832576657,True
241111,6.88427931040908,51.891030304703506,166.76420011176862,False
479089,6.221367534437192,51.59317436348279,263.36071203174504,False
381556,6.459515557903893,51.58699716347208,84.18356897919546,False
277184,5.780840328866357,50.67815757288492,293.4499182847809,False
227204,4.5269974999923495,51.05714876915499,114.02726972977152,False
458490,5.236328878132077,52.060084604410314,110.33530063321794,True
498227,5.776424518907762,52.81648533213775,230.76968868344454,True
588226,5.868898122334936,51.7234334454899,220.6803684426119,True
177514,6.2655005499977,51.89966749683326,172.82877959392448,True
405970,4.978958706651654,51.412752387194345,76.32298894456181,False
338667,5.68363347374328,51.910496970816205,177.67321696413632,True
201182,5.6322077467268015,51.97683915183592,87.91132603208226,True
227736,5.892008124431521,50.85241949585678,167.3164842650911,True
452790,5.7931676525008955,51.85793023167274,220.82056526804618,True
122027,5.548160783574028,52.268311233367605,189.51455596069803,True
265131,6.039502711545892,52.62168020667894,249.84188679412173,True
422544,5.390014963861728,52.221704949063685,151.4445121842439,True
225881,6.200008597195414,51.68046192849301,61.73292961245056,False
373169,5.8357867191261565,52.44928374734833,275.5143491947166,True
200450,6.039836340293063,52.15880897389981,65.35496430215522,True
491580,5.483931201127073,52.57281475872562,74.85499509752584,True
284520,5.665833910423736,52.735883223042265,63.69575102014427,True
400005,4.998559145038172,52.17934564587188,97.39445994311185,True
266541,6.102104379535376,52.2029472321257,123.57361158090377,True
289961,5.325318075598301,51.75637925113794,199.0326602900658,True
266902,6.0550885370797545,51.98252847836182,266.0537992272346,True
437349,5.387870034223167,51.8207226621222,228.78098784964774,True
585978,5.9560665693343795,51.90073711173961,126.82782140327008,True
320680,5.8358394841346355,52.04268173698962,286.83057071699994,True
489136,4.979451975575056,52.50112903933716,103.82760094091965,True
142912,5.188972790772593,51.98422002057698,93.66543824067065,True
150179,5.709701591861646,52.48041189274234,129.60285322644665,True
509996,5.692634059251748,52.127505519530274,151.46142800921635,True
338905,6.913955021837067,51.946714710531985,223.59610019905537,False
606358,5.478741682813548,52.15439080411559,146.48804585220154,True
521196,5.471322524978876,52.05632480049521,145.60101188161258,True
400491,5.555426033146362,51.88761717419212,210.37159058342607,True
368196,5.165336231187172,52.07267985927371,79.68404139561594,True
383614,5.216126905335027,50.751155713259664,251.93357409775422,False
363422,6.3304661422072295,51.35550651044829,219.35638788364489,False
343583,5.639802773250012,52.16932976838668,61.09735900655259,True
478635,5.144697479795595,51.96132956051096,71.73526572041871,True
405013,5.460141040969683,52.85832682413488,139.96843989668005,True
591044,6.95092197608423,52.73988931510813,222.38934874248667,True
416545,6.151769813566071,52.03718503443424,150.42210385250277,True
173856,5.780747881272637,53.248031578532846,224.84469675700032,True
580998,4.333672342540767,52.458462792987476,274.6347458466602,True
427549,5.6215240207264285,52.2657128214816,70.45294340268637,True
355834,4.966810616062096,51.96249017735497,254.94110073437534,True
596295,6.4824830365133455,52.75355826929636,153.94527994932815,True
550359,5.313866167701006,52.621108844744796,101.94691644232795,True
425784,5.539261038428809,51.829212361815514,68.80218649362887,True
168117,5.974082897445633,51.89263226228647,205.58437114417862,True
272713,6.191822386390142,52.77932225980652,65.15758010583129,True
268560,5.142065148170489,52.60794382790953,172.54111535147217,True
347658,5.633632191495823,51.562680963530404,285.3368318195838,True
297788,6.13303791770809,51.258808166383346,216.63541515106846,False
192657,6.454858642562035,52.02937647305967,116.01336737763766,True
449991,6.695395292248805,52.98273393234732,284.2730851078719,True
243937,4.842694259691979,52.14237930538151,94.69714339693645,True
207753,4.6116832440512265,52.208544099200495,292.5184884557788,True
373070,6.161767680780755,52.43210919150366,95.19814054785466,True
344317,5.257223378844625,51.842925806029115,257.7720776374123,True
625884,5.5579613598824675,52.20757578017372,111.43181270236028,True
196955,5.741984588630703,52.55413213577506,187.5942638034844,True
190558,5.557504369714811,52.885048330706326,270.19302367153193,True
291412,5.481846294237794,52.94662433523039,174.48947941826847,True
267436,6.8166447383012505,52.24001483147783,149.4080262849807,True
451452,4.929852366299706,52.03432396573954,125.84803502074976,True
161283,6.029207772023025,52.711497422670845,245.97699382830484,True
622284,6.384205611635444,52.15704438296975,79.90229289675938,True
432315,5.986986448689053,52.30871262383205,235.38293016541922,True
488478,5.440992507901194,51.51217605623807,130.88855003301893,True
602068,6.1899611668115,52.743538230883416,85.92422052876336,True
458790,5.176957657518109,52.9697634493003,275.1668920034387,True
127093,6.0888168984712,51.68426837286339,125.6476490674669,False
123961,5.212299742305887,52.0606628486402,92.41116847109376,True
452034,6.294851483915356,51.917093401184516,210.67211801991002,True
178930,5.051885427665898,52.060505102446285,279.57819833982103,True
217696,5.512716626546266,52.03089134527806,203.7970652533634,True
651141,5.547222490818238,51.68242441099014,140.0606781057392,True
410130,5.8098275948140605,50.834396353664154,234.79294228131081,True
360269,5.708298163180142,51.78697326295853,178.45413875591728,True
325592,6.112661642006417,51.70559935177537,285.2046177520711,False
654933,5.012932448207311,52.30476897484694,277.782308917705,True
222249,5.821976153439902,52.22964741934154,254.47470464896944,True
620867,5.760975016577213,52.99167101911979,106.54890010132291,True
184258,5.543351331387905,52.52688098953132,165.76039051540909,True
441823,4.852729216463346,52.26499880662963,232.8813361884939,True
482540,6.692842997123976,52.64424656793748,64.77558829310149,True
504608,5.635083910443943,52.52409940759147,111.1975489831184,True
250199,5.70486228957841,51.83696548980661,118.40239953636126,True
142609,6.025753404052664,51.911936056576614,87.42048689363908,True
186549,5.757889769720354,52.97284379054307,115.25532250321841,True
292391,5.63915057656931,52.15773881334707,126.63649357878631,True
609198,5.255582214167767,52.00539532239495,288.3100685006697,True
540527,5.963907770724646,51.35788194789062,199.90885381208818,True
216409,5.691242397930208,51.70633144616661,76.7432446018024,True
487051,5.953878621406637,51.83001474251436,229.04679106835783,False
542566,5.382283128756102,52.53515519250219,217.34570567191903,True
363218,4.5839350093742866,51.25442821076294,207.0995595878526,False
163215,5.751472888494169,51.9450539095318,134.05528251434885,True
456491,6.0445721267807535,51.91452781094675,242.2699373993354,True
317520,5.5784724484271475,52.419956931088,106.82612130153365,True
497854,4.928362310004907,52.251317205228496,110.86253784487046,True
399872,5.9626662016111345,51.98577418868168,140.96908054815987,True
434743,5.893327941931611,53.088442034062595,181.60950451222297,True
486202,5.500568738213546,52.93486323218968,270.6869039136469,True
222775,5.493584241608864,51.852166562270945,281.5623107470209,True
436275,6.2893326932291895,51.889215227934535,134.0810799444616,True
272930,5.906012000664127,52.95068564162952,185.70367160279375,True
423422,5.9141361677414475,51.37511515391853,146.44337443145037,True
202937,5.6793105407942654,51.92448767097154,154.51624180899216,True
390986,4.925120750174308,51.92125071012882,141.68923396146187,True
138882,4.923023720506584,52.10751519236174,116.25955631360111,True
317025,6.676651870707438,52.22221877174393,199.12565409254123,True
647860,6.080698460138457,53.53526955078868,268.272799882275,True
366695,5.188294315603267,52.1435239881792,78.42824395887845,True
511858,6.184289032080768,51.66991367550829,112.3886335015993,False
490922,5.903169539583443,51.46134063508117,294.31536711597096,True
549030,5.592221940357021,53.105179370156925,236.59015498169848,True
499664,5.586472346381147,51.69142945343838,160.6638361261343,True
607311,5.37541862298214,52.306967558380606,126.49404643080871,True
474714,5.503697676457992,51.44486625893296,165.37090964904644,True
379892,5.6853466750179615,51.615568628293246,281.7071416264337,True
499688,5.225484175179241,52.59449202163125,273.140678995445,True
202643,6.5153378866998155,52.36428294040581,186.9964844250395,True
339426,5.558679571495476,52.080303335342506,135.20855941693404,True
257271,6.141030607144872,51.10887471923985,97.46879470994269,False
235713,5.765764039077876,51.86052658621756,80.84407407259232,True
299169,6.528807107498628,51.868346864754066,240.04469856931792,False
467613,5.661852808330405,52.39792793790931,94.4298997255089,True
219319,5.6370470582039625,52.90232128266481,238.0277367920496,True
291230,5.196348235043007,51.69299309838332,95.31587833150917,True
257558,5.067143947739593,51.95907627511107,111.20101288806887,True
337863,4.68769893396739,51.01871015859257,136.19498612545726,False
314209,5.8405048689806565,52.43579196492264,126.00478450231832,True
551183,5.160109192236682,51.477711694103384,96.89754216153818,True
555483,7.062112936185346,52.556043557647435,67.5943141857064,False
579116,5.769201768147681,52.15455822939453,138.85814578056747,True
657578,6.148071282453591,51.69436808239946,100.9157672611505,False
464463,6.010532059109927,52.71425169915728,108.1290689660732,True
333748,5.1601399459050175,52.181473248824,214.09412271509694,True
516215,6.23682109801477,51.438140636693944,174.69058622111382,False
439180,6.147760165418174,53.091315445268684,192.7566568781518,True
604059,5.802753599864202,51.29994432962668,183.03120379341374,True
624967,5.698113069449941,51.43342051015247,237.41858263624954,True
611805,5.673432621570039,51.98309143991638,157.85906046933286,True
468071,4.839259505804776,51.872342827490684,133.81657127919829,True
130690,4.428970568107606,52.751948715613246,154.2027951718815,True
168661,5.491239384524775,51.795748315403046,64.6809892842888,True
631013,4.986194299953432,52.369103269027924,295.42162484436267,True
651329,5.456905275695617,53.759133341234424,200.50850935539808,True
307585,5.212740591840533,51.635441526416415,151.16254652945116,True
149244,6.8206664583903045,52.331896708998464,208.16093366808445,True
579283,5.72264149721765,52.17833563258045,109.06394341523674,True
597119,5.61330849012149,51.99965285165721,247.27887613985197,True
135170,4.987931520507571,52.20128856642013,298.1931531940062,True
326133,5.245858067272412,53.124158093378156,110.12055306027608,True
153587,5.115922240434483,52.215613081590035,245.75491461763423,True
199499,5.60984656019899,51.41348693836343,223.934994655292,True
126417,6.129697712400321,52.49097971594813,211.84586118928715,True
480931,5.036499228866773,51.69708512586685,172.85986739905007,True
454306,5.758854511622209,51.751784533172675,262.49395971384195,True
557768,6.208900614475843,50.95634373526468,108.95060294723353,False
